[
  {
    "id": "6281746f-424e-417a-9dda-a292bae7f01e",
    "data": [
      {
        "text": "Should I buy ",
        "userDefined": false
      },
      {
        "text": "Apple",
        "meta": "@sys.any",
        "alias": "comname",
        "userDefined": true
      },
      {
        "text": " stock?",
        "userDefined": false
      }
    ],
    "isTemplate": false,
    "count": 0,
    "lang": "en",
    "updated": 0
  },
  {
    "id": "c77f3994-5e6b-4037-9b28-d5e2f7548d3e",
    "data": [
      {
        "text": "can I buy the stock of ",
        "userDefined": false
      },
      {
        "text": "Apple",
        "meta": "@sys.any",
        "alias": "comname",
        "userDefined": true
      },
      {
        "text": "?",
        "userDefined": false
      }
    ],
    "isTemplate": false,
    "count": 0,
    "lang": "en",
    "updated": 0
  }
]