[
  {
    "id": "edb8a4ec-4343-4b36-b6e3-8839a7495310",
    "data": [
      {
        "text": "what is the stock share price of ",
        "userDefined": false
      },
      {
        "text": "Apple",
        "meta": "@sys.any",
        "alias": "comname",
        "userDefined": true
      },
      {
        "text": "?",
        "userDefined": false
      }
    ],
    "isTemplate": false,
    "count": 0,
    "lang": "en",
    "updated": 0
  },
  {
    "id": "ed2f3324-0b5e-4240-a498-99276500f3e1",
    "data": [
      {
        "text": "what is the stock price of ",
        "userDefined": false
      },
      {
        "text": "Apple",
        "meta": "@sys.any",
        "alias": "comname",
        "userDefined": true
      }
    ],
    "isTemplate": false,
    "count": 0,
    "lang": "en",
    "updated": 0
  }
]