[
  {
    "id": "f2ef797d-1244-4022-9fe8-8ccaa62c8f02",
    "data": [
      {
        "text": "What is the prediction of ",
        "userDefined": false
      },
      {
        "text": "Apple",
        "meta": "@sys.any",
        "alias": "comname",
        "userDefined": true
      },
      {
        "text": " stock today ?",
        "userDefined": false
      }
    ],
    "isTemplate": false,
    "count": 0,
    "lang": "en",
    "updated": 0
  },
  {
    "id": "5e78b855-f17d-4abe-bf75-5219a59bae3d",
    "data": [
      {
        "text": "What is the situation of ",
        "userDefined": false
      },
      {
        "text": "Apple",
        "meta": "@sys.any",
        "alias": "comname",
        "userDefined": true
      },
      {
        "text": "?",
        "userDefined": false
      }
    ],
    "isTemplate": false,
    "count": 0,
    "lang": "en",
    "updated": 0
  }
]